Product Name,Price,Rating
"HP Essential Laptop 2026, Intel CPU, 128GB Storage, Office 365, Copilot AI",N/A,4.5 out of 5 stars
"HP 14"" Laptop Computer for 2026 Student Business Productivity, MS Office & Win 11 Pro, Copilot AI, Intel 4-Core CPU, 4GB DDR5 RAM, 628GB Storage (128GB UFS+500GB Ext), Wi-Fi 6, HubxcelAddon, Lavender",N/A,4.6 out of 5 stars
"Lenovo Business 15.6"" FHD Laptop, Intel Processor, 8GB DDR5, 128GB Storage",N/A,4.6 out of 5 stars
"ASUS ROG Strix G16 (2025) Gaming Laptop, 16” FHD+ 16:10 165Hz/3ms, NVIDIA® GeForce RTX™ 5060, Intel® Core™ i7 Processor 14650HX, 16GB DDR5, 1TB Gen 4 SSD, Wi-Fi 7, Windows 11 Home, G615JMR-AS74","$415,684.73",4.4 out of 5 stars
"Laptop, 2026 New Laptop Computer with Intel Twin Lake N150 Processor(Up to 3.6GHz), 16GB RAM 512GB NVMe SSD, 15.6"" FHD Display, Windοws 11/Student/Business Laptop, HDMI, USB3.2, Long Battery Life","$110,847.23",4.9 out of 5 stars
"Lenovo 15.6"" FHD Business Laptop, Intel Processor, 8GB DDR5, 128GB Storage",N/A,4.5 out of 5 stars
"18.5 Inch Gaming Laptop with 7000 mAh Battery,AMD Ryzen 7430U UP to 4.3GHZ","$182,622.60",4.8 out of 5 stars
"HP OmniBook 3 17.3 inch Laptop PC, FHD Display, AMD Ryzen 3 30, 8 GB RAM, 512 GB SSD, AMD Radeon 610M Graphics, Windows 11 Home, Mica Silver, 17-dp0199nr",N/A,4.5 out of 5 stars
HP 15.6in Touch Laptop 16GB RAM 512GB SSD FHD IPS for Business & Students,N/A,4.6 out of 5 stars
"16"" Laptop with Win11, 8GB RAM 256GB SSD, AMD A9(up to 3.2GHz)","$72,049.73",5.0 out of 5 stars
15.6'' AI Laptop with Office 365 12GB RAM 256GB SSD Win 11 Laptops,"$91,445.71",4.4 out of 5 stars
"Dell 15.6 Laptop, FHD, Intel Core 3 100U, 8 GB RAM, Windows 11 Home",N/A,4.3 out of 5 stars
"Acer Nitro V 16S AI Gaming Laptop | AMD Ryzen 7 260 Processor | NVIDIA GeForce RTX 5060 Laptop GPU (572 AI Tops) | 16"" WUXGA IPS 180Hz Display | 32GB DDR5 | 1TB Gen 4 SSD | Wi-Fi 6 | ANV16S-41-R2AJ","$387,972.23",4.4 out of 5 stars
"Lenovo Flagship Chromebook, 14'' FHD Touchscreen Slim Thin Light Laptop Computer, 8-Core MediaTek Kompanio 520 Processor, 4GB RAM, 64GB eMMC, WiFi 6,Chrome OS, Abyss Blue","$68,638.32",4.2 out of 5 stars
"HP Chromebook 14 Laptop, Intel Celeron N4120, 4 GB RAM, 64 GB eMMC, 14"" HD Display, Chrome OS, Thin Design, 4K Graphics, Long Battery Life, Ash Gray Keyboard (14a-na0226nr, 2022, Mineral Silver)","$62,322.64",4.3 out of 5 stars
"HP Laptop 14"" Computer 2026, Intel Processor, Office 365, EXT 500GB HDD",N/A,4.2 out of 5 stars
